{
  "project_info": {
    "project_number": "265371551905",
    "project_id": "appfirebase-c50ca",
    "storage_bucket": "appfirebase-c50ca.appspot.com"
  },
  "client": [
    {
      "client_info": {
        "mobilesdk_app_id": "1:265371551905:android:9b5ce74e60d53e63cec8e0",
        "android_client_info": {
          "package_name": "com.firebase.appfirebase"
        }
      },
      "oauth_client": [
        {
          "client_id": "265371551905-h8n7pe5vbojpi3ihujec1d8pj92tls2a.apps.googleusercontent.com",
          "client_type": 3
        }
      ],
      "api_key": [
        {
          "current_key": "AIzaSyDCZfVsU_1zyU2jeFHNg0IDMSg2nuRG3v0"
        }
      ],
      "services": {
        "appinvite_service": {
          "other_platform_oauth_client": [
            {
              "client_id": "265371551905-h8n7pe5vbojpi3ihujec1d8pj92tls2a.apps.googleusercontent.com",
              "client_type": 3
            }
          ]
        }
      }
    }
  ],
  "configuration_version": "1"
}